{
  "0": {
    "precision": 0.9145299145299145,
    "recall": 0.8770491803278688,
    "f1-score": 0.895397489539749,
    "support": 244.0
  },
  "1": {
    "precision": 0.9901960784313726,
    "recall": 0.9711538461538461,
    "f1-score": 0.9805825242718447,
    "support": 624.0
  },
  "2": {
    "precision": 0.9685314685314685,
    "recall": 0.8906752411575563,
    "f1-score": 0.9279731993299832,
    "support": 311.0
  },
  "3": {
    "precision": 0.8406504065040651,
    "recall": 0.8929188255613126,
    "f1-score": 0.8659966499162479,
    "support": 579.0
  },
  "4": {
    "precision": 0.9365079365079365,
    "recall": 0.9711934156378601,
    "f1-score": 0.9535353535353536,
    "support": 243.0
  },
  "5": {
    "precision": 0.8705035971223022,
    "recall": 0.852112676056338,
    "f1-score": 0.8612099644128114,
    "support": 284.0
  },
  "6": {
    "precision": 0.9641791044776119,
    "recall": 0.96996996996997,
    "f1-score": 0.967065868263473,
    "support": 666.0
  },
  "7": {
    "precision": 0.989451476793249,
    "recall": 0.997872340425532,
    "f1-score": 0.9936440677966102,
    "support": 470.0
  },
  "accuracy": 0.937445191464484,
  "macro avg": {
    "precision": 0.93431874786224,
    "recall": 0.9278681869112855,
    "f1-score": 0.9306756396332592,
    "support": 3421.0
  },
  "weighted avg": {
    "precision": 0.9386020029215711,
    "recall": 0.937445191464484,
    "f1-score": 0.9376625281545371,
    "support": 3421.0
  }
}