{
  "0": {
    "precision": 0.0,
    "recall": 0.0,
    "f1-score": 0.0,
    "support": 244.0
  },
  "1": {
    "precision": 0.0,
    "recall": 0.0,
    "f1-score": 0.0,
    "support": 624.0
  },
  "2": {
    "precision": 0.0,
    "recall": 0.0,
    "f1-score": 0.0,
    "support": 311.0
  },
  "3": {
    "precision": 0.0,
    "recall": 0.0,
    "f1-score": 0.0,
    "support": 579.0
  },
  "4": {
    "precision": 0.0,
    "recall": 0.0,
    "f1-score": 0.0,
    "support": 243.0
  },
  "5": {
    "precision": 0.0,
    "recall": 0.0,
    "f1-score": 0.0,
    "support": 284.0
  },
  "6": {
    "precision": 0.19467991815258695,
    "recall": 1.0,
    "f1-score": 0.3259114264741864,
    "support": 666.0
  },
  "7": {
    "precision": 0.0,
    "recall": 0.0,
    "f1-score": 0.0,
    "support": 470.0
  },
  "accuracy": 0.19467991815258695,
  "macro avg": {
    "precision": 0.02433498976907337,
    "recall": 0.125,
    "f1-score": 0.0407389283092733,
    "support": 3421.0
  },
  "weighted avg": {
    "precision": 0.037900270531897956,
    "recall": 0.19467991815258695,
    "f1-score": 0.06344840983098747,
    "support": 3421.0
  }
}