{
  "test_loss": 0.20335040986537933,
  "test_acc": 0.9374451637268066
}