{
  "test_loss": 2.052279233932495,
  "test_acc": 0.19467991590499878
}